n,steps,cpu_time,gpu_time
256,100,0.0369926,0.18745
512,100,0.147581,0.099663
1024,100,0.593249,0.105487
2048,100,2.35466,0.120546
